model,scheme,n,feature,beta,se,odds_ratio,ci_low,ci_high,p_value,log_p_value,p_holm
full,HC0,78959,log_token_ratio,0.48217165550719066,0.012489662089614051,1.619587772602765,1.5804227390810661,1.65972336913449,0.0,-749.0783748758126,0.0
full,HC0,78959,header_density_diff,0.027827060994451563,0.009538380645261172,1.028217850072142,1.0091740040231632,1.0476210673206279,0.003529878083955904,-5.646491945756326,0.021179268503735423
full,HC0,78959,list_density_diff,-0.012930266465516394,0.008778587813948718,0.9871529702858906,0.9703135789922341,1.0042846022585195,0.14076926308574308,-1.9606331610373808,0.5630770523429723
full,HC0,78959,bold_density_diff,0.05411162284792143,0.010614236564772537,1.0556024249280442,1.0338690267296378,1.0777926900844876,3.432190036179253e-07,-14.884897099018465,2.7457520289434025e-06
full,prompt_first,78959,log_token_ratio,0.48217165550719066,0.01267826425683956,1.619587772602765,1.5798380119575517,1.660337663298903,0.0,-inf,0.0
full,prompt_first,78959,header_density_diff,0.027827060994451563,0.009569047885389556,1.028217850072142,1.0091130457727724,1.0476843517540257,0.003638209633962328,-5.616263577137265,0.02182925780377397
full,prompt_first,78959,list_density_diff,-0.012930266465516394,0.00879043840419585,0.9871529702858906,0.9702907753165354,1.004308204853702,0.14130967635962566,-1.9568015106765273,0.5652387054385026
full,prompt_first,78959,bold_density_diff,0.05411162284792143,0.010618854283151518,1.0556024249280442,1.033859326362346,1.0778028026643054,3.480913810329212e-07,-14.870800802467379,2.7847310482633694e-06
full,prompt_sequence,78959,log_token_ratio,0.48217165550719066,0.012684168714355865,1.619587772602765,1.5798197319443097,1.6603568749810067,0.0,-inf,0.0
full,prompt_sequence,78959,header_density_diff,0.027827060994451563,0.009567317677885554,1.028217850072142,1.009116469271734,1.0476807974107964,0.003632091734174691,-5.61794656135536,0.02179255040504815
full,prompt_sequence,78959,list_density_diff,-0.012930266465516394,0.008795846927352547,0.9871529702858906,0.9702804908584856,1.0043188499874536,0.14155444401506137,-1.9550708725439594,0.5662177760602455
full,prompt_sequence,78959,bold_density_diff,0.05411162284792143,0.010615965188054275,1.0556024249280442,1.03386518230462,1.0777966978538298,3.455489605605514e-07,-14.878131494486022,2.764391684484411e-06
full,model_pair,78959,log_token_ratio,0.48217165550719066,0.013810097596321104,1.619587772602765,1.5762948057451884,1.6640697816195238,6.856223377170713e-185,-424.05308544186613,8.227468052604855e-184
full,model_pair,78959,header_density_diff,0.027827060994451563,0.009795245956830654,1.028217850072142,1.008646515359454,1.0481689383819557,0.0045750513201924725,-5.387137362789159,0.027450307921154833
full,model_pair,78959,list_density_diff,-0.012930266465516394,0.009221815243535844,0.9871529702858906,0.969453332744096,1.0051757560995305,0.16113237450066628,-1.8255290499529773,0.6445294980026651
full,model_pair,78959,bold_density_diff,0.05411162284792143,0.011088114966885996,1.0556024249280442,1.032886567287522,1.0788178632627945,1.2027761356046872e-06,-13.63087822672999,9.622209084837497e-06
english,HC0,42001,log_token_ratio,0.4616059332622232,0.016978586364494123,1.586619945871261,1.5346901676390794,1.6403068878125138,9.119423081497488e-163,-373.11096361455185,9.119423081497487e-162
english,HC0,42001,header_density_diff,0.010692535462482167,0.011333497054224574,1.0107499049124236,0.9885453986846829,1.0334531642550682,0.3454531395145314,-1.0628982759006687,0.7132205339269505
english,HC0,42001,list_density_diff,-0.010624962894663496,0.01035565500998609,0.9894312826450841,0.9695515114355352,1.0097186704677603,0.30488881414323166,-1.1878081126296496,0.7132205339269505
english,HC0,42001,bold_density_diff,0.06777002904081209,0.012686082964159757,1.0701191838439459,1.0438395222509447,1.097060461134304,9.188772452072384e-08,-16.20269839081865,8.269895206865146e-07
english,prompt_first,42001,log_token_ratio,0.4616059332622232,0.017337511681104617,1.586619945871261,1.5336093592740339,1.641462891063843,7.693008857964922e-155,-354.8603774381691,7.693008857964922e-154
english,prompt_first,42001,header_density_diff,0.010692535462482167,0.011377690776761892,1.0107499049124236,0.9884591153089071,1.0335433751968635,0.34733562885652913,-1.0574637363668473,0.7162105838232808
english,prompt_first,42001,list_density_diff,-0.010624962894663496,0.01038344852834525,0.9894312826450841,0.9694981054331464,1.0097742920697261,0.30619127633060655,-1.1835452862669302,0.7162105838232808
english,prompt_first,42001,bold_density_diff,0.06777002904081209,0.012705560971198697,1.0701191838439459,1.0437988935401992,1.0971031629923167,9.664887907395544e-08,-16.152181229145615,8.69839911665599e-07
english,prompt_sequence,42001,log_token_ratio,0.4616059332622232,0.017337847840094536,1.586619945871261,1.5336083537536058,1.6414639672998093,7.722928786270803e-155,-354.8564957455255,7.722928786270804e-154
english,prompt_sequence,42001,header_density_diff,0.010692535462482167,0.011377695396666228,1.0107499049124236,0.9884591084488616,1.0335433823698,0.34733580684612464,-1.0574632239243131,0.7162105838232808
english,prompt_sequence,42001,list_density_diff,-0.010624962894663496,0.010377149503237024,0.9894312826450841,0.9695100770263813,1.0097618232905252,0.30589775462241947,-1.1845043680862188,0.7162105838232808
english,prompt_sequence,42001,bold_density_diff,0.06777002904081209,0.01269922461211184,1.0701191838439459,1.0438118594491956,1.097089535115183,9.524097352342603e-08,-16.166855593588455,8.571687617108343e-07
english,model_pair,42001,log_token_ratio,0.4616059332622232,0.018734728228379297,1.586619945871261,1.5293601364014138,1.6460235837975228,8.636548864169708e-109,-248.82577207034862,8.636548864169709e-108
english,model_pair,42001,header_density_diff,0.010692535462482167,0.01148960558261653,1.0107499049124236,0.9882204951428002,1.0337929392294658,0.35223395275279423,-1.043459685656135,0.8006801498799061
english,model_pair,42001,list_density_diff,-0.010624962894663496,0.010903620077660605,0.9894312826450841,0.9684898655710606,1.0108255108064075,0.33003287479316257,-1.108563008898071,0.8006801498799061
english,model_pair,42001,bold_density_diff,0.06777002904081209,0.013446211955036983,1.0701191838439459,1.0422577854220814,1.0987253668410657,5.368641552441223e-07,-14.437520744190028,4.8317773971971005e-06
single_turn,HC0,67608,log_token_ratio,0.4887829242153914,0.013318577751603425,1.630330775874286,1.588323395256305,1.6734491519177919,7.484082469933721e-295,-677.249824005393,8.232490716927093e-294
single_turn,HC0,67608,header_density_diff,0.020915542726420596,0.010136822068778839,1.02113580564943,1.0010482856216092,1.0416264115889533,0.039081907122669624,-3.242095652520531,0.19540953561334812
single_turn,HC0,67608,list_density_diff,-0.011043380027163917,0.009353612027257938,0.9890173742442152,0.9710511613616631,1.007315994746659,0.23774017797565017,-1.4365768908152745,0.7132205339269505
single_turn,HC0,67608,bold_density_diff,0.05582016129643948,0.011293868999688627,1.0574075038416448,1.0342583344870997,1.08107480684224,7.711961550359933e-07,-14.075323079352346,5.398373085251954e-06
single_turn,prompt_first,67608,log_token_ratio,0.4887829242153914,0.013550431717754989,1.630330775874286,1.5876009981048143,1.6742106120717932,4.021700568185445e-282,-647.9372913842288,4.4238706250039894e-281
single_turn,prompt_first,67608,header_density_diff,0.020915542726420596,0.010170117562480535,1.02113580564943,1.0009825891490518,1.0416947755961856,0.03973174721179904,-3.2256047329819197,0.1986587360589952
single_turn,prompt_first,67608,list_density_diff,-0.011043380027163917,0.00937340710037586,0.9890173742442152,0.9710131548129581,1.0073554222294132,0.23873686127442695,-1.432393332446876,0.7162105838232808
single_turn,prompt_first,67608,bold_density_diff,0.05582016129643948,0.011296418752930564,1.0574075038416448,1.0342527386808247,1.0810806559784925,7.775501747174589e-07,-14.067117661576551,5.442851223022212e-06
single_turn,prompt_sequence,67608,log_token_ratio,0.4887829242153914,0.013550431717754989,1.630330775874286,1.5876009981048143,1.6742106120717932,4.021700568185445e-282,-647.9372913842288,4.4238706250039894e-281
single_turn,prompt_sequence,67608,header_density_diff,0.020915542726420596,0.010170117562480535,1.02113580564943,1.0009825891490518,1.0416947755961856,0.03973174721179904,-3.2256047329819197,0.1986587360589952
single_turn,prompt_sequence,67608,list_density_diff,-0.011043380027163917,0.00937340710037586,0.9890173742442152,0.9710131548129581,1.0073554222294132,0.23873686127442695,-1.432393332446876,0.7162105838232808
single_turn,prompt_sequence,67608,bold_density_diff,0.05582016129643948,0.011296418752930564,1.0574075038416448,1.0342527386808247,1.0810806559784925,7.775501747174589e-07,-14.067117661576551,5.442851223022212e-06
single_turn,model_pair,67608,log_token_ratio,0.4887829242153914,0.014305247653853603,1.630330775874286,1.5852098917687063,1.6767359657320822,3.128673143468828e-179,-411.0221226470845,3.4415404578157105e-178
single_turn,model_pair,67608,header_density_diff,0.020915542726420596,0.010299790475614929,1.02113580564943,1.0007081761844177,1.0419804278556737,0.04250813274365313,-3.1580598626843104,0.21254066371826563
single_turn,model_pair,67608,list_density_diff,-0.011043380027163917,0.009942163342089251,0.9890173742442152,0.969912563156724,1.00849850152819,0.26689338329330203,-1.3209060138369884,0.8006801498799061
single_turn,model_pair,67608,bold_density_diff,0.05582016129643948,0.011868000433083645,1.0574075038416448,1.0330708797556163,1.0823174392885018,2.8553189494015025e-06,-12.766327005018493,1.9987232645810518e-05
month,HC0,78959,log_token_ratio,0.48209208019064437,0.012490455921958512,1.6194588985207516,1.5802945226900076,1.659593883508326,0.0,-748.737510754811,0.0
month,HC0,78959,header_density_diff,0.027734525826080998,0.009541200674880514,1.028122708162318,1.0090750469262013,1.0475299198596923,0.0036512654998307145,-5.612681459196164,0.025558858498815
month,HC0,78959,list_density_diff,-0.012971272202248097,0.008776831960860234,0.987112492181,0.9702771304993573,1.0042399656666239,0.13943478280311583,-1.9701582938237876,0.6971739140155792
month,HC0,78959,bold_density_diff,0.054086099502461286,0.01061812933131307,1.0555754827665127,1.0338347514093458,1.0777734045975926,3.5104905076428186e-07,-14.86233987747689,3.5104905076428185e-06
month,prompt_first,78959,log_token_ratio,0.48209208019064437,0.012679009937886128,1.6194588985207516,1.5797099920521676,1.660207973104621,0.0,-inf,0.0
month,prompt_first,78959,header_density_diff,0.027734525826080998,0.009572511314838194,1.028122708162318,1.0090128221371124,1.0475945199588166,0.0037648614180081624,-5.58204422637367,0.026354029926057135
month,prompt_first,78959,list_density_diff,-0.012971272202248097,0.008788863951701085,0.987112492181,0.9702539827651849,1.0042639242178726,0.13998136973725528,-1.96624593853319,0.6999068486862764
month,prompt_first,78959,bold_density_diff,0.054086099502461286,0.010623192473512403,1.0555754827665127,1.0338241486793764,1.0777844580638825,3.5642257075674015e-07,-14.847148813510056,3.5642257075674014e-06
month,prompt_sequence,78959,log_token_ratio,0.48209208019064437,0.012684911203329097,1.6194588985207516,1.5796917234036494,1.6602271728987823,0.0,-inf,0.0
month,prompt_sequence,78959,header_density_diff,0.027734525826080998,0.009570833367119997,1.028122708162318,1.0090161419441166,1.047591073223447,0.003758765327696542,-5.583664745799137,0.026311357293875796
month,prompt_sequence,78959,list_density_diff,-0.012971272202248097,0.008794350010992274,0.987112492181,0.9702435512485375,1.0042747215025651,0.14022872151682908,-1.9644804643297857,0.7011436075841454
month,prompt_sequence,78959,bold_density_diff,0.054086099502461286,0.010620234275753454,1.0555754827665127,1.0338301444458988,1.0777782073814017,3.5376293950940395e-07,-14.85463881053947,3.5376293950940395e-06
month,model_pair,78959,log_token_ratio,0.48209208019064437,0.013817957143875032,1.6194588985207516,1.5761450722599826,1.6639630260922105,1.0689075448176447e-184,-423.6090199701437,1.6033613172264671e-183
month,model_pair,78959,header_density_diff,0.027734525826080998,0.009804234719412589,1.028122708162318,1.008535398281893,1.0480904337515078,0.004749587699309085,-5.3496974648483935,0.0332471138951636
month,model_pair,78959,list_density_diff,-0.012971272202248097,0.009219377316425425,0.987112492181,0.9694182171986299,1.0051297313511656,0.15969892261282453,-1.834464970103122,0.7984946130641226
month,model_pair,78959,bold_density_diff,0.054086099502461286,0.01109029269572833,1.0555754827665127,1.032855791935356,1.0787949378004689,1.2224215468441972e-06,-13.614676792017221,1.2224215468441973e-05
alternative_format,HC0,78959,log_token_ratio,0.48164782185068145,0.012485632170667955,1.6187396001878287,1.579607553730973,1.6588410754476073,0.0,-747.9393965708724,0.0
alternative_format,HC0,78959,header_density_diff,0.029812842354686703,0.009567006691265714,1.0302616945555865,1.0111232623265298,1.0497623769690008,0.0018318913925121235,-6.30240629805079,0.014655131140096988
alternative_format,HC0,78959,list_density_diff,-0.012746285269778663,0.008694782094106346,0.9873346045778746,0.9706515373002848,1.0043044119708333,0.14265659899381541,-1.9473149423588332,0.6971739140155792
alternative_format,HC0,78959,bold_density_diff,0.055301125902200376,0.010628521497625056,1.056858814327974,1.0350705685406831,1.0791057029063131,1.9600466861897414e-07,-15.44512735851501,2.1560513548087156e-06
alternative_format,prompt_first,78959,log_token_ratio,0.48164782185068145,0.012674333374532236,1.6187396001878287,1.579022821903654,1.659455364968837,0.0,-inf,0.0
alternative_format,prompt_first,78959,header_density_diff,0.029812842354686703,0.009597561700578709,1.0302616945555865,1.0110624078331099,1.0498255607617786,0.0018951850893030044,-6.2684387727619795,0.015161480714424035
alternative_format,prompt_first,78959,list_density_diff,-0.012746285269778663,0.008707245138001892,0.9873346045778746,0.9706275630778015,1.0043292180018275,0.14323329099695709,-1.943280572445624,0.6999068486862764
alternative_format,prompt_first,78959,bold_density_diff,0.055301125902200376,0.010633355107629862,1.056858814327974,1.0350604184550911,1.0791162849120126,1.990296657901527e-07,-15.429811949010015,2.1893263236916797e-06
alternative_format,prompt_sequence,78959,log_token_ratio,0.48164782185068145,0.012680309798850696,1.6187396001878287,1.5790043285961226,1.659474800519357,0.0,-inf,0.0
alternative_format,prompt_sequence,78959,header_density_diff,0.029812842354686703,0.009596092735896,1.0302616945555865,1.0110653202489819,1.0498225366954153,0.0018921366702594818,-6.270048575094801,0.015137093362075854
alternative_format,prompt_sequence,78959,list_density_diff,-0.012746285269778663,0.008713069316868457,0.9873346045778746,0.9706164842931617,1.004340681589448,0.14350087280982768,-1.9414141615025073,0.7011436075841454
alternative_format,prompt_sequence,78959,bold_density_diff,0.055301125902200376,0.01063064259001009,1.056858814327974,1.0350659229756474,1.0791105461299304,1.9761153337963467e-07,-15.436962686030105,2.1737268671759815e-06
alternative_format,model_pair,78959,log_token_ratio,0.48164782185068145,0.01381108931548657,1.6187396001878287,1.5754662403227475,1.663201550215038,1.3819431425267912e-184,-423.35216652784754,1.9347203995375077e-183
alternative_format,model_pair,78959,header_density_diff,0.029812842354686703,0.009813150443415412,1.0302616945555865,1.0106159557219903,1.050289334201388,0.0024326030059219155,-6.018793399097928,0.019460824047375324
alternative_format,model_pair,78959,list_density_diff,-0.012746285269778663,0.009155794483411086,0.9873346045778746,0.9697573138551304,1.0052304916594579,0.16413339573845306,-1.8070757931301116,0.7984946130641226
alternative_format,model_pair,78959,bold_density_diff,0.055301125902200376,0.011108653763602993,1.056858814327974,1.0340742501896922,1.080145408531192,7.354777629219974e-07,-14.122745531322549,8.090255392141971e-06
format_presence,HC0,78959,log_token_ratio,0.4647675910918886,0.013330456337929899,1.5916442335998815,1.5505975562087855,1.6337774790163833,2.5148283070718e-266,-611.5654302027607,3.26927679919334e-265
format_presence,HC0,78959,header_density_diff,0.07327360927862844,0.010426055680401645,1.0760249070402697,1.0542598066787943,1.098239345971559,2.096171569048228e-12,-26.89090849735779,2.5154058828578737e-11
format_presence,HC0,78959,list_density_diff,0.01178574371254984,0.009523969130934708,1.0118554692431474,0.9931427263640952,1.030920796636753,0.21590806250941907,-1.5329025984373796,0.6971739140155792
format_presence,HC0,78959,bold_density_diff,0.008778503175406202,0.011157909347720502,1.0088171472306233,0.9869947119245558,1.0311220761883122,0.43142728388689056,-0.8406563020411225,0.8628545677737811
format_presence,prompt_first,78959,log_token_ratio,0.4647675910918886,0.013526898496001293,1.5916442335998815,1.5500000050775824,1.634407327776075,9.891786764035663e-257,-589.4726641064486,1.2859322793246362e-255
format_presence,prompt_first,78959,header_density_diff,0.07327360927862844,0.010463753006781644,1.0760249070402697,1.054181570197173,1.0983208522175756,2.5331171876673906e-12,-26.701570481601998,3.0397406252008685e-11
format_presence,prompt_first,78959,list_density_diff,0.01178574371254984,0.009551900448810583,1.0118554692431474,0.9930880622320265,1.0309775432564365,0.21725750171400435,-1.5266719851036599,0.6999068486862764
format_presence,prompt_first,78959,bold_density_diff,0.008778503175406202,0.01119625373824513,1.0088171472306233,0.9869201929346467,1.031199932712214,0.43300900526367625,-0.836996753820214,0.8660180105273525
format_presence,prompt_sequence,78959,log_token_ratio,0.4647675910918886,0.013530653566094702,1.5916442335998815,1.549988600264772,1.634419353741702,1.3380557583226494e-256,-589.1705661727511,1.7394724858194442e-255
format_presence,prompt_sequence,78959,header_density_diff,0.07327360927862844,0.01046208974538055,1.0760249070402697,1.0541850084067752,1.0983172700595385,2.512977490856856e-12,-26.709552814487648,3.015572989028227e-11
format_presence,prompt_sequence,78959,list_density_diff,0.01178574371254984,0.009552376645300086,1.0118554692431474,0.9930871367070934,1.030978504093997,0.21728040897402293,-1.5265665523693626,0.7011436075841454
format_presence,prompt_sequence,78959,bold_density_diff,0.008778503175406202,0.01119727509966392,1.0088171472306233,0.9869182188486871,1.031201995372797,0.4330509577217777,-0.8368998726343208,0.8661019154435554
format_presence,model_pair,78959,log_token_ratio,0.4647675910918886,0.014537240272035366,1.5916442335998815,1.5468898344007016,1.6376934607843103,9.486266763232112e-163,-373.0715250091866,1.2332146792201746e-161
format_presence,model_pair,78959,header_density_diff,0.07327360927862844,0.010790673964415652,1.0760249070402697,1.0534841654940177,1.0990479387301204,1.754084575218117e-11,-24.766488911664595,2.1049014902617403e-10
format_presence,model_pair,78959,list_density_diff,0.01178574371254984,0.009913290013967077,1.0118554692431474,0.992365725602072,1.0317279851801564,0.23472084973177892,-1.449358344400686,0.7984946130641226
format_presence,model_pair,78959,bold_density_diff,0.008778503175406202,0.011732519523149175,1.0088171472306233,0.9858608801825657,1.032307962517053,0.45447421347274,-0.7886141030077286,0.90894842694548
trim_1_99,HC0,77379,log_token_ratio,0.5670454883431707,0.013496460790597126,1.7630503959473511,1.7170246036865469,1.810309934974909,0.0,-886.5686069164907,0.0
trim_1_99,HC0,77379,header_density_diff,0.025839631957609282,0.009679467217113338,1.0261763693816761,1.0068918651700534,1.0458302202089111,0.007595739762365767,-4.880167746444444,0.0455744385741946
trim_1_99,HC0,77379,list_density_diff,-0.006448507545114248,0.008913019062746792,0.9935722394599715,0.9763660575688399,1.0110816403056906,0.4693770087512221,-0.7563489768431281,0.8628545677737811
trim_1_99,HC0,77379,bold_density_diff,0.04846880580553908,0.010834715169479689,1.049662627929484,1.0276073659012388,1.0721912561472642,7.69592786309666e-06,-11.77481921794305,6.926335076786994e-05
trim_1_99,prompt_first,77379,log_token_ratio,0.5670454883431707,0.01361078108107563,1.7630503959473511,1.7166391793842402,1.8107163904793775,0.0,-inf,0.0
trim_1_99,prompt_first,77379,header_density_diff,0.025839631957609282,0.009706145335048691,1.0261763693816761,1.0068389065993317,1.0458852296779697,0.0077650034221893125,-4.858128381661775,0.04659002053313588
trim_1_99,prompt_first,77379,list_density_diff,-0.006448507545114248,0.008937277239248108,0.9935722394599715,0.9763193591281282,1.01113000146497,0.4705861757641959,-0.7537761788870408,0.8660180105273525
trim_1_99,prompt_first,77379,bold_density_diff,0.04846880580553908,0.010838002512895415,1.049662627929484,1.0276003900497543,1.0721985347032459,7.756367089078908e-06,-11.766996492013462,6.980730380171018e-05
trim_1_99,prompt_sequence,77379,log_token_ratio,0.5670454883431707,0.013617066454495888,1.7630503959473511,1.7166180350389029,1.8107386938758738,0.0,-inf,0.0
trim_1_99,prompt_sequence,77379,header_density_diff,0.025839631957609282,0.009704249847242103,1.0261763693816761,1.0068426485529198,1.0458813426217417,0.007753009054766026,-4.859674245841183,0.04651805432859615
trim_1_99,prompt_sequence,77379,list_density_diff,-0.006448507545114248,0.008942507243413568,0.9935722394599715,0.9763093523809461,1.0111403651086945,0.4708457344300777,-0.7532247663639514,0.8661019154435554
trim_1_99,prompt_sequence,77379,bold_density_diff,0.04846880580553908,0.010833917976725492,1.049662627929484,1.0276086183011433,1.0721899494121874,7.695391898695914e-06,-11.774888862964952,6.925852708826322e-05
trim_1_99,model_pair,77379,log_token_ratio,0.5670454883431707,0.01454169330695925,1.7630503959473511,1.7134613695151066,1.8140745708960713,1.5896471668869797e-215,-494.59228290973107,2.5434354670191675e-214
trim_1_99,model_pair,77379,header_density_diff,0.025839631957609282,0.009937278651436196,1.0261763693816761,1.0063634203459788,1.0463793891826205,0.009429407447622556,-4.66392202125462,0.05657644468573533
trim_1_99,model_pair,77379,list_density_diff,-0.006448507545114248,0.009278861464889262,0.9935722394599715,0.9756483024611549,1.0118254626541592,0.487210183223428,-0.719059661278964,0.90894842694548
trim_1_99,model_pair,77379,bold_density_diff,0.04846880580553908,0.011120350126438135,1.049662627929484,1.0270096369652606,1.0728152811959442,1.4211912036735687e-05,-11.161430069190276,0.00012790720833062117
spline_format,HC0,78959,header_density_diff,0.029308259870172902,0.009567367534812228,1.0297419736820999,1.0106124811885981,1.0492335609348395,0.0021886896877439423,-6.124452230314889,0.0043773793754878845
spline_format,HC0,78959,list_density_diff,-0.00758289733870619,0.008721025462161053,0.9924457802950194,0.9756261654429468,1.0095553621998345,0.3845758583986941,-0.9556142184718409,0.3845758583986941
spline_format,HC0,78959,bold_density_diff,0.0549085377491589,0.010537392507636441,1.0564439855117989,1.0348491092689123,1.0784894962247433,1.879998959380936e-07,-15.486824427637396,5.639996878142808e-07
spline_format,prompt_first,78959,header_density_diff,0.029308259870172902,0.009597676941005329,1.0297419736820999,1.0105521438855916,1.0492962077994015,0.0022612933636367177,-6.091818344595429,0.004522586727273435
spline_format,prompt_first,78959,list_density_diff,-0.00758289733870619,0.008737303520821076,0.9924457802950194,0.9755947726007528,1.0095878478312275,0.3854648821429829,-0.95330518703369,0.3854648821429829
spline_format,prompt_first,78959,bold_density_diff,0.0549085377491589,0.010540659483214965,1.0564439855117989,1.034842141881346,1.0784967574813178,1.9013772846217172e-07,-15.475517140746343,5.704131853865152e-07
spline_format,prompt_sequence,78959,header_density_diff,0.029308259870172902,0.00959613559405679,1.0297419736820999,1.0105551981979708,1.0492930363957982,0.0022575961948674062,-6.09345466234402,0.0045151923897348125
spline_format,prompt_sequence,78959,list_density_diff,-0.00758289733870619,0.008742162408365537,0.9924457802950194,0.9755854828974782,1.0095974613112355,0.3857290170954494,-0.9526201843046601,0.3857290170954494
spline_format,prompt_sequence,78959,bold_density_diff,0.0549085377491589,0.010538321124333009,1.0564439855117989,1.0348468863227618,1.078491812919228,1.8895504739779364e-07,-15.481756694632365,5.668651421933809e-07
spline_format,model_pair,78959,header_density_diff,0.029308259870172902,0.009838501868770754,1.0297419736820999,1.0100559057857548,1.0498117245676732,0.0029506703977390278,-5.82572288097771,0.0059013407954780555
spline_format,model_pair,78959,list_density_diff,-0.00758289733870619,0.009146745154651935,0.9924457802950194,0.9747948030997158,1.0104163703924007,0.4072540808024182,-0.8983180111636467,0.4072540808024182
spline_format,model_pair,78959,bold_density_diff,0.0549085377491589,0.01097385303372049,1.0564439855117989,1.0339417763647545,1.079435921864061,6.466514751118265e-07,-14.251458365928205,1.9399544253354795e-06
decisive_stage,HC0,108154,log_token_ratio,0.19363775791444715,0.008852783815161556,1.213656565833465,1.1927798847968765,1.234898641874328,4.687069420154307e-106,-242.52921232732518,1.874827768061723e-105
decisive_stage,HC0,108154,header_density_diff,0.03507572822916794,0.007769496885912265,1.0356981374158547,1.020046071236215,1.0515903762529852,6.345342977726156e-06,-11.967789403455654,1.2690685955452312e-05
decisive_stage,HC0,108154,list_density_diff,0.051255180124628055,0.008269379751118073,1.0525914594351755,1.0356688953151427,1.0697905339126133,5.711646368980172e-10,-21.28334361701224,1.7134939106940516e-09
decisive_stage,HC0,108154,bold_density_diff,-0.003035989735623834,0.007969537665288453,0.9969686142208468,0.9815169494073906,1.0126635289808796,0.7032408751071577,-0.3520558070150034,0.7032408751071577
decisive_stage,prompt_first,108154,log_token_ratio,0.19363775791444715,0.009079282337539562,1.213656565833465,1.1922502421538854,1.2354472305492414,1.047566896242383e-100,-230.21203906586834,4.190267584969532e-100
decisive_stage,prompt_first,108154,header_density_diff,0.03507572822916794,0.007816000083151864,1.0356981374158547,1.0199529192051557,1.051686417724651,7.208030628470096e-06,-11.840314788434455,1.4416061256940191e-05
decisive_stage,prompt_first,108154,list_density_diff,0.051255180124628055,0.008355684594409999,1.0525914594351755,1.0354935218594996,1.0699717159854953,8.591735248798357e-10,-20.87505020633604,2.577520574639507e-09
decisive_stage,prompt_first,108154,bold_density_diff,-0.003035989735623834,0.008004491545263975,0.9969686142208468,0.9814495277075714,1.0127330949591,0.7044764518986792,-0.35030037347005993,0.7044764518986792
decisive_stage,prompt_sequence,108154,log_token_ratio,0.19363775791444715,0.009081503293821182,1.213656565833465,1.1922450536105906,1.2354526071045264,1.1673132328499677e-100,-230.1038045735035,4.669252931399871e-100
decisive_stage,prompt_sequence,108154,header_density_diff,0.03507572822916794,0.00781412904879804,1.0356981374158547,1.019956660591665,1.0516825599476227,7.171737989254601e-06,-11.845362535340666,1.4343475978509202e-05
decisive_stage,prompt_sequence,108154,list_density_diff,0.051255180124628055,0.008353833385476189,1.0525914594351755,1.0354972800855362,1.0699678326382005,8.518443586205199e-10,-20.88361728346228,2.55553307586156e-09
decisive_stage,prompt_sequence,108154,bold_density_diff,-0.003035989735623834,0.008002272134696673,0.9969686142208468,0.9814537980284874,1.012728688541471,0.7043983419338777,-0.3504112562329901,0.7043983419338777
decisive_stage,model_pair,108154,log_token_ratio,0.19363775791444715,0.010068995786024148,1.213656565833465,1.1899163534994712,1.2378704229577047,4.464519499839258e-72,-164.28996510185135,1.7858077999357032e-71
decisive_stage,model_pair,108154,header_density_diff,0.03507572822916794,0.007633930235921224,1.0356981374158547,1.0203017645911097,1.0513268417962092,4.78965464828049e-06,-12.249052247620735,9.57930929656098e-06
decisive_stage,model_pair,108154,list_density_diff,0.051255180124628055,0.008899675763082216,1.0525914594351755,1.0343720927608073,1.0711317409179946,1.0720493519072472e-08,-18.351108645136527,3.2161480557217415e-08
decisive_stage,model_pair,108154,bold_density_diff,-0.003035989735623834,0.008578061774700574,0.9969686142208468,0.9803304069094092,1.013889205859637,0.7234571784382093,-0.3237139213405552,0.7234571784382093
